CountryName,CountryCode,IndicatorName,1991,1992,1993,1994,1995,1996,1997,1998,1999,2000,2001,2002,2003,2004,2005,2006,2007,2008,2009,2010,2011,2012,2013,2014,2015,2016
Afghanistan,AFG,GDP per capita,,,,,,,,,,,,,895.5991488082,945.686929859,940.4762989822,1039.4082417666,1095.6556284116,1245.059222951,1283.040985674,1525.517053839,1629.1672902053,1712.5887197834,1934.2856341887,1941.898322683,1939.9541249316,1934.1936343287
Albania,ALB,GDP per capita,2748.6227275163,2011.8417150005,1921.1634197182,2168.8862314203,2413.6632037206,2809.0149080473,3140.0369860398,2865.5075101223,3177.4907858974,3684.9451529961,4045.7520686081,4508.632005921,4785.8809807427,5182.4903673827,5652.6026727677,6199.9127268606,7066.7256445028,7658.4085780881,8769.0943361725,9342.0812456971,9303.9324756695,9640.1445926758,10361.433216136,10412.4417209438,11167.0225730627,11305.4174218566
Algeria,DZA,GDP per capita,6617.7288285964,6592.6291079633,6706.030980879,6575.0450489508,6519.3813236397,6778.6491095607,7061.4019333896,7145.6476893592,7479.1798302958,7727.1891374421,8093.6113554269,8416.6381625007,8911.5533718138,9622.0165516106,10179.0128200641,10975.6986903025,11341.0964378131,11858.6508431211,12186.1646400386,12267.0033980711,12637.381339375,13026.191661295,13452.5526105134,13779.8227384812,14259.0289420825,14687.39020786
American Samoa,ASM,GDP per capita,,,,,,,,,,,,,,,,,,,,,,,,,,
Andorra,AND,GDP per capita,,,,,,,,,,,,,,,,,,,,,,,,,,
Angola,AGO,GDP per capita,3106.5546251804,3076.2560083974,2836.1292436479,2115.3951005353,2165.0150700445,2366.2840555049,2603.0743432148,2778.7435427398,2918.4514058559,2972.3219381436,3036.5597277301,3131.9958580278,2858.8970687886,2961.9645717967,3256.6537539828,3838.2645717494,4614.5908093565,5613.2321962174,6298.0124397843,6284.27490493,6360.8489801293,6524.4811808409,6758.2780498657,7097.840137926,7317.8340732653,7371.0276562447
Antigua and Barbuda,ATG,GDP per capita,11087.0174694648,11594.5750617968,11766.78311059,12415.4125099762,13141.2021346337,12516.6004050914,13236.8707325167,13732.7668301844,14108.1120666511,14554.4808304526,15312.5664983907,14907.0726348617,15372.5781886274,16426.9243062482,17593.8762368924,19067.0682963067,22040.9136607626,24503.8448722277,24723.1118920226,21671.3757490895,20151.3098656076,19987.9241389288,20956.336421157,21008.1469806563,22157.5816228727,22967.6920024722
Argentina,ARG,GDP per capita,,,,,,,,,,,,,,,,,,,,,,,,,,
Armenia,ARM,GDP per capita,2414.4049260907,2223.4442628549,1347.49100775,1287.9551074968,1419.9927421365,1581.7337897764,1731.8074157987,1840.696008018,2012.3388940948,2123.6132402097,2313.3319457031,2605.7716178735,3007.2193932467,3510.3168080815,3998.1431365046,4716.2432726517,5526.0928057823,6483.5046492608,7097.9121733627,6158.3014523658,6376.2682174205,6803.4829970848,7401.8563976946,7734.7801667997,8099.2083257793,8393.5117858068
Aruba,ABW,GDP per capita,,,,,,,,,,,,,,,,,,,,,,36015.070459561,,,,
Australia,AUS,GDP per capita,17362.3771306073,17815.7947370697,18210.8006376604,19164.9049784648,20088.1173707488,20981.0293792794,22048.0166395581,22990.7070882274,24216.7334319332,25268.5198066101,26373.9696831642,27398.6820277778,28685.30613792,29693.4185072851,31310.5019545347,32559.4592872484,34322.9183318446,36563.4682249116,37479.2891201982,40257.1686174765,39168.256719609,41763.118511715,42596.2941186879,45476.9765882814,45937.3000394504,45514.1758297674
Austria,AUT,GDP per capita,19490.937244881,20625.8813298224,21301.9629722492,21743.6361793698,22652.459881176,23705.5420437344,24573.1818278842,25532.1517484631,26728.585924931,27752.7177491225,29566.2476733511,29856.6036414545,31261.5516292637,32202.4455590608,33800.7021063805,34691.2089614866,37626.1441765716,39234.3228786562,41151.585043147,40620.3921570465,41892.7758492156,44022.3952746168,45858.2468363681,47416.2846696348,47706.4882473346,47824.1877781361
Azerbaijan,AZE,GDP per capita,5502.4339886415,5558.8184131486,4334.4336641029,3361.0354966205,2719.3402271871,2420.444864397,2471.5858792704,2634.1586308859,2901.3516722254,3136.0938931052,3534.3291476622,3942.0848821949,4393.9671993184,4945.9079163722,5551.4488418302,7169.1504310386,9830.1626057387,12477.3846859443,13799.7861400733,14900.5086642522,15627.6056198817,15754.1523626148,16180.8871503048,17174.3108809494,17584.6853479395,17739.9547360618
Bahrain,BHR,GDP per capita,22879.1475071466,25588.1656752509,27222.9214920946,30697.4635995408,30505.9226668937,31529.0220445954,32494.6222197845,33048.3315999724,33861.905764483,34579.9931808618,35792.0454915789,36005.75473597,36288.4674115159,37374.8955736848,38724.4906070407,39770.7608248512,40220.9427436057,40979.8715755273,40843.8460598766,39343.225490129,39423.6512887923,39676.7170222452,40992.5567832413,43400.0224635821,45666.4894524738,46946.3351892261
Bangladesh,BGD,GDP per capita,834.0482083145,871.0798765671,918.4548687378,963.3034791127,1000.2837630656,1050.6544995387,1094.5676934567,1138.9342986541,1185.9877167733,1235.1475151912,1304.4423579303,1375.759113568,1424.3122333107,1495.5292207013,1591.4043893167,1724.4277076008,1871.000135463,2031.7785215099,2171.6297284589,2273.1642014109,2401.7187397781,2579.3350480883,2764.7819283063,2942.8100447725,3134.1542517551,3332.8034451699
Barbados,BRB,GDP per capita,8593.9440157293,8499.5967865971,8174.7553560732,8402.7206685168,8720.6355164317,9053.4915103939,9555.7509308257,10135.9305514593,10585.9697074394,10742.9438469115,11443.5765222148,11386.8297453506,11622.6418159499,12073.3902181049,12540.4731724113,13421.014347625,14563.9996966157,15144.5807081617,15444.6915253636,14872.8644796034,15036.3625304529,15401.5496498863,15673.1733129577,15876.6183024017,16116.487565159,16390.8649228605
Belarus,BLR,GDP per capita,5224.6999193671,5331.2053253523,4918.6553852467,4642.5191157388,4191.496263944,3846.3210479235,4039.674255655,4596.6725799186,5060.8804413819,5331.0326633027,5785.8742496416,6245.4251142097,6703.775792119,7369.8284739857,8497.6212668747,9662.054244091,11022.0864043037,12345.1055924865,13917.7567546983,14082.5382840594,15385.4592726836,16603.3895298874,17218.3561003897,17683.1643017413,18250.5632168413,17660.9465857183
Belgium,BEL,GDP per capita,19052.8751883483,19973.5706049598,20657.5787667951,20864.0066172883,21927.9381764186,22871.1590015667,23272.6243087044,24303.3899025989,24831.8389928821,25922.8249628198,28278.2982894566,29198.0206374408,30767.2997489343,31052.3778339369,31975.6041802021,33042.8992844792,35071.3754851982,36579.6181999703,37846.9555911544,37629.442841568,39257.834474162,40858.7251704577,41930.6618333441,43057.2035921556,43409.2408923283,43991.6228948018
Belize,BLZ,GDP per capita,3335.51370147,3737.0870960386,4211.9285307169,4506.4060329917,4516.712738599,4522.1292445501,4523.7608571611,4593.7339772685,4635.708792197,4932.8070830202,5511.7503674238,5741.870778995,5959.8395363116,6474.6523695991,6786.5793260294,7003.0550915496,7354.9176819218,7438.3723255519,7630.7003122623,7558.5215006534,7716.0572369195,7855.6744230991,8114.4437091069,8173.2975565162,8461.9578852334,8526.9275109776
Benin,BEN,GDP per capita,941.0716488,978.0410579408,992.4465664107,1036.023936594,1041.3259498096,1089.8547872442,1122.000573665,1171.5594892613,1196.3545319816,1242.7166762816,1305.034602491,1361.7284916555,1400.0497562939,1428.7927793988,1483.3577427679,1507.8911605998,1565.5569102142,1651.8086653232,1714.2802089263,1716.2072678172,1723.7969258527,1761.5743306309,1826.8089351102,1931.9295135788,2037.5862051881,2109.8459573727
Bermuda,BMU,GDP per capita,26210.9109007466,26261.1259418547,27038.8767248633,28362.5661275732,28938.4392651508,30621.6915800819,31787.7790998267,33613.3724699575,35044.9513449448,36579.5634273514,40535.2082576999,43976.0925063775,43706.034736478,45797.3203552513,47835.4392260251,49877.2841082861,53949.4237061828,56640.9889952538,58288.6120944144,55320.1617108278,55254.2141192067,54984.5103947777,53097.6962878821,52443.841660786,,
Bhutan,BTN,GDP per capita,1507.862148692,1554.0966662951,1683.4131243444,1788.9958891559,1945.5270460518,2136.9882474701,2281.4966753756,2405.1591077783,2514.2840878146,2681.7702292252,2850.8159913676,3064.827798501,3344.1598823382,3564.7232246684,3770.0946853367,4060.2016746867,4365.9359055514,5172.7269539139,5418.2020257257,5717.1657367165,6354.3939344745,6882.6884070006,7251.4331916598,7418.5453546113,7844.2203270505,8076.9568758837
Bolivia,BOL,GDP per capita,2396.1142679416,2555.4688524346,2604.909301396,2726.4105400157,2857.4122620628,2993.8101580277,3119.2815449903,3264.9449626298,3399.2531152458,3399.7357579641,3497.2794751103,3570.0554999433,3647.5720882822,3753.0508490101,3946.7090164339,4180.3200677921,4438.6193910538,4684.9280288041,4986.8488455767,5108.8468943723,5298.0829096676,5598.566772507,5899.7813026268,6304.2040960602,6654.0388464694,6880.9033586191
Bosnia and Herzegovina,BIH,GDP per capita,,,,,913.0143160952,1158.7154935982,2269.6038647532,3128.0024968417,3658.558859433,4062.0086634941,4373.1250885612,4661.1453065161,4972.2789891407,5261.8980956006,5723.554246771,6412.5498856036,7330.4094334517,8025.0232066942,8796.2807533345,8686.598414356,8941.5227081761,9422.2761082148,9705.0139790188,10115.5404037591,10426.9172783872,10509.651420006
Botswana,BWA,GDP per capita,5234.8214627702,5647.6256844359,5780.599236526,5871.1198520903,6057.0437128003,6462.0903826281,6810.1354893748,7328.0016720489,7317.558436685,8003.4665703762,8212.6722963499,8296.8873627591,8814.8328444176,9283.0204038627,9661.2904452408,10268.5146696177,11277.6238718177,12310.679963763,13082.0020763527,11934.0608860359,12854.1648943944,13634.267890571,14211.0075286066,15548.2635462402,15990.9437659118,15807.0857198278
Brazil,BRA,GDP per capita,6622.2188414206,6831.4597037772,6844.359245053,7221.0222964559,7649.4294506239,8028.8987430626,8227.1424565163,8518.5395344644,8507.2329796135,8545.7982369753,8963.3899125854,9182.1087774511,9468.3470117252,9629.9484865733,10324.8192692568,10860.3980171765,11501.9843192753,12389.5670435652,13140.7622644577,13093.9972215199,14114.5185441419,14827.1467182835,15246.2607662872,15816.8004000261,15951.2212185795,15359.3262966752
British Virgin Islands,VGB,GDP per capita,,,,,,,,,,,,,,,,,,,,,,,,,,
Brunei Darussalam,BRN,GDP per capita,49815.0432739985,51601.0937284707,53739.0446128096,53660.5533600288,55010.7715397549,57164.3300861012,58410.4211021922,57157.0987562936,56162.4561155671,57503.0971934472,59253.6774328849,61062.5821681824,63217.4299732546,65178.528947622,66146.0732050526,67366.8338129998,71257.3316101172,72032.3893242433,70824.0844446763,68962.8552142326,70486.3330607909,73265.1216346752,74195.021192084,73005.5554563149,71444.8987808606,70817.0185097872
Bulgaria,BGR,GDP per capita,5402.669571097,5161.908875237,4948.4809906258,5031.1999031013,5249.4811307172,5536.8511889719,5275.5702653251,5404.8001364959,6120.0696525496,5778.9666238801,6344.3363593098,6895.3699122419,7760.3354906155,8386.6750634862,9155.5894581613,10123.9738365074,11440.9073256142,13319.2437193032,14934.774464064,14870.8054059912,15084.3221603393,15603.0516627461,16097.8343137084,16573.4703399668,17207.5953349321,17511.7641146935
Burkina Faso,BFA,GDP per capita,530.785575625,582.3961199473,581.1943829525,599.1618032811,603.2795925066,633.4325126816,696.5098127687,732.4923129085,772.5805970939,819.0421535353,829.0523863576,878.6072474988,904.6273874867,966.30566165,1007.3682611015,1096.6888679596,1165.2742647632,1225.8508875071,1300.4980685277,1308.5460457183,1393.5627213063,1470.4351836995,1547.6493716972,1583.1618654762,1626.2669133017,1659.2202425027
Burundi,BDI,GDP per capita,678.1205631558,717.0176241775,723.7173334364,680.3034550494,655.7380116408,606.0243610827,559.2600748806,552.203539722,576.492764092,569.6248028227,565.357932486,574.8682608337,591.4940158961,576.4781864374,599.8560985996,603.2655406378,632.6474358402,656.8677488972,679.0614557137,683.4686854147,693.4700034419,712.670483389,730.0335655961,750.7058449354,772.69512224,736.0118338823
Cabo Verde,CPV,GDP per capita,1072.8812073977,1098.1885683449,1214.28083713,1314.9329228871,1556.829979349,1766.6892573957,1951.1554196893,2149.7910368613,2386.4439459465,2634.0835713945,3014.5724632123,3091.3429895835,3245.2959458977,3393.9942958994,3791.2192324446,4137.4861586386,4566.1662232741,5365.0426856591,5803.3860024257,5739.3762548275,5850.1453283117,6147.9745339426,6256.8008425456,6344.3429434991,6543.3529622058,6689.8113903954
Cambodia,KHM,GDP per capita,,,,707.080349844,761.349308496,801.0642920562,834.2719347371,871.2148740448,900.7307851488,998.824605092,1086.5525765807,1176.4427683989,1250.9654461295,1360.912011446,1518.0862156774,1746.8788250575,1964.2117636435,2189.5041683985,2346.8039649958,2331.4253085181,2462.4527897017,2648.6500184987,2846.6574446984,3058.6684865224,3274.5607323951,3483.3267131986
Cameroon,CMR,GDP per capita,1789.2583734908,1726.9019473478,1662.5049050285,1522.7427466119,1542.9811231213,1595.1226765934,1657.8904566896,1728.4585354681,1784.3888182316,1836.0010134729,1905.3709587124,1984.2379356051,2041.7601218649,2111.1642517873,2192.3497460802,2256.1973583548,2339.8072592829,2417.7489258123,2472.4695325639,2475.6056713338,2522.8818099501,2614.4955614763,2715.3541102736,2840.7430745418,2983.0830403003,3122.643964698
Canada,CAN,GDP per capita,20084.5736126121,20041.947828627,20429.7405427102,21233.313118075,22448.0254745701,23340.8377687738,23888.3007783263,25070.6781809224,26106.6316936167,27656.6769217414,29187.5187509629,30086.5627969453,30851.3114815056,32186.226856963,33752.2133883015,36134.6022423077,37956.8142510326,39417.5319769237,40277.6193121099,38746.2502780317,40069.4709625183,41565.2712210369,42143.9687843089,44281.2691757085,45025.0261369835,44310.1210825094
Cayman Islands,CYM,GDP per capita,,,,,,,,,,,,,,,,,,,,,,49902.1465489682,,,,
Chad,TCD,GDP per capita,717.572659276,779.4670461478,834.0484313193,697.0841967863,759.0252590723,758.8338809906,763.5820164671,792.9518858185,827.8913117753,805.4920752371,787.1532209928,865.7177219427,917.7863182366,1033.548659761,1366.9319587367,1596.6895895853,1599.8912749111,1640.2025869127,1667.6973926046,1694.8215714974,1884.795826912,1862.3511659472,1997.4109391126,2075.4408802189,2181.8524552441,2171.4008123495
Channel Islands,CHI,GDP per capita,,,,,,,,,,,,,,,,,,,,,,,,,,
Chile,CHL,GDP per capita,4407.2044786133,4887.0333906434,5579.5259291718,6077.8371874945,6528.1776485721,7338.5229269207,7993.2524829495,8599.4166312907,8907.9835301663,8846.429620416,9848.8983965929,10249.826491738,10535.5604132836,11133.5707278671,11991.2725338787,12964.8049395778,15637.6964386248,16841.5600258445,16437.5720869418,16226.1486790103,18249.5407673741,20266.0360287483,21370.0993066395,21443.7503564815,22128.5576684484,22316.207696515
China,CHN,GDP per capita,979.9789831937,1091.4488305591,1260.1625002998,1453.1591182585,1659.3129157896,1859.8304175497,2060.0297075228,2265.313589375,2446.1499329113,2649.745162403,2915.4146646915,3205.9274723279,3527.3519036439,3933.599477149,4422.6503206409,5053.3790401953,5836.8327726277,6807.112205271,7569.6798915986,8290.0889298098,9238.7552696794,10274.4943512259,11219.927669958,12218.5211184044,13254.642984356,14238.6693392857
Colombia,COL,GDP per capita,4869.162130875,5050.7192517336,5327.8853533915,5485.4992631762,5827.9966452943,6155.688368058,6294.865167663,6520.0370034659,6528.9006730148,6256.8101810412,6585.3339751501,6750.6871387657,6927.3209193261,7241.331945492,7732.3205621184,8248.3549606731,8957.336622113,9710.9011829945,10132.2394853533,10260.2052170834,10680.0020763025,11496.5272523381,12058.461303685,12727.0991715943,13376.6306574434,13800.7866254197
Comoros,COM,GDP per capita,989.8340592989,939.5062511553,1012.823224033,1037.6020917774,975.5235021299,1003.2817969626,980.9813107968,1010.2255847988,1007.1369357777,1015.4246018546,1122.2127659873,1145.637355876,1161.5085062892,1180.7219298711,1207.0550469442,1250.669241432,1291.5186626037,1304.4146222794,1303.1975224046,1306.4400092357,1318.8958909247,1347.7977532112,1379.7159873409,1416.4622027816,1434.5005240589,
Congo Rep.,COG,GDP per capita,3397.5860712039,3501.3711409354,3580.0674048229,3535.9811910175,3324.4398868254,3436.5492319792,3552.014033533,3493.1139440735,3564.540556007,3433.8233694735,3684.1000830733,3819.679365649,3965.1232778531,3985.6677965471,4137.0219477913,4482.4535913693,4770.0578907054,4675.4567060219,4879.038555695,5125.4506135539,5482.1113761029,5632.4358754563,5803.0888001308,5950.4686201834,6299.6843529535,6368.1212846087
Costa Rica,CRI,GDP per capita,4712.5592311164,4869.3659957335,5299.643773121,5682.253893704,5927.4007388854,6135.6237322696,6152.650692261,6452.758939614,6911.702668687,7433.9297061962,7588.7260002714,7705.1608197055,7918.9203071516,8463.3804626793,8934.2688561953,9624.7969103261,10638.8368943628,11624.9687277958,12011.7309800336,11823.1920282355,12402.9592880253,13072.1425592889,13839.4689225844,14386.8967743366,14972.5843150574,15377.2295688962
Cote d'Ivoire,CIV,GDP per capita,2081.512055299,2077.3874286667,2047.1006850307,2021.6129749378,2013.6517781541,2133.2488107621,2269.5252536865,2325.2403395736,2398.6135841827,2411.9400575907,2360.2061393654,2367.1340178254,2319.3775966242,2292.6279436614,2343.0292700393,2415.2504365955,2478.8382265858,2538.1316769177,2598.6899859144,2645.4306342804,2671.1395529633,2546.9068123046,2803.7009371287,3037.257692134,3270.1373889782,3495.8297464671
Croatia,HRV,GDP per capita,,,,,,8109.0123849145,9127.3683960373,9712.8278726314,10207.8383790522,10102.1657905636,11054.4210816656,11793.2002324794,12740.1121215417,13644.6131995701,14643.2525335966,15535.4407056654,17009.2199303701,18921.6247387593,20464.4182063097,19393.1114143786,18981.9956442935,20571.2752844948,21016.0187293145,21441.8709467416,21635.1050289927,21880.484213538
Cuba,CUB,GDP per capita,8851.151197253,8104.6525266583,7280.8317157876,6308.7282457541,6455.7684828951,6719.7799456244,7345.594523436,7647.9354063068,7713.8991283739,8287.8561059085,8948.6026989631,9414.4136372968,9666.8291895195,10205.7586035578,11066.0451525836,12678.6044781653,14626.5246452203,16093.6291378528,17075.4913554672,17443.3629479558,18061.0096420539,18924.7632701642,19820.9769832893,20648.9739057436,,
Curacao,CUW,GDP per capita,,,,,,,,,,,,,,,,,,,,,,,,,,
Cyprus,CYP,GDP per capita,13189.5119961489,13378.4782225662,14576.680256834,14669.4059797883,15540.7335115621,16530.1909249246,16877.3031488255,17345.3304674037,18340.1206780524,19211.7195694144,20726.6273069784,22353.3007402251,22994.5400766268,23829.7318894555,25595.9811078178,27330.8819148951,29706.2878399128,31767.0524574202,34825.5775570815,34087.7590143959,33957.90164873,32983.1851844809,31920.4454737569,30587.4243464573,30295.2127792148,30734.1751962539
Czech Republic,CZE,GDP per capita,12716.2688532518,11641.2959228467,11834.2475906565,12110.7209486736,12723.6922830551,13805.6323362819,14685.0926731041,14892.6604820271,14969.2547932178,15387.3753011263,16282.4733675171,17650.2899431094,18318.354946634,19609.2694182832,20984.6558468146,22286.457189578,24400.7269621544,26680.4978472942,27111.5481990756,27008.8068634707,27069.6339673463,28604.2126636231,28727.9072629398,30043.5678004092,31185.8787015268,32167.0578372756
Dem. Rep. Congo,COD,GDP per capita,,746.5841730486,656.7518966349,559.1560782934,528.7577810993,525.7872596506,514.7595533257,481.5914621422,467.4798297864,443.2927606976,410.9759540621,399.8600909085,405.4826843636,423.0995118612,449.3959026306,476.7372049779,501.1154329835,529.2218733929,554.8883648813,556.7280750855,584.2600547914,617.1479613595,652.3885874384,696.9772632641,748.0066052515,782.7714507787
Denmark,DNK,GDP per capita,18773.2194047768,19599.4161627151,20374.7156221284,20771.4715483088,22310.1771178771,23351.6353620033,24451.9549811114,25682.5197172875,26608.8013525839,27544.0065605429,29558.2946332122,30247.1963804605,31597.6898560098,31268.8764680477,33143.7631674657,34079.9597620429,37166.5736909177,38670.4976585439,40838.1887464738,39612.1276267663,41835.7966506369,43314.0563639927,44246.3306156663,45681.1093434609,45995.8727101234,46635.2447330723
Djibouti,DJI,GDP per capita,2011.6695827945,1916.9797860318,1909.1063304316,1790.4248600223,1781.6672134323,1725.6470953267,1654.4862800669,1639.9421944541,1629.4151171184,1660.912953389,1677.6612563283,1723.5378118487,1768.428111176,1833.8638188747,1928.3882154296,2025.1342701383,2158.3308586759,2298.5699587323,2447.9538075139,2557.6397074025,2644.6282288459,2782.9712917907,2932.2333423406,3087.4633171316,3282.3602405341,
Dominica,DMA,GDP per capita,4344.9150904142,4521.865914245,4711.0554832257,4888.5836177769,5052.2305892944,5259.8204498043,5514.4072843488,5723.7793177409,6113.7572415735,6284.8686548881,6472.6555712847,6653.2953728706,6623.1168488068,7248.3046133776,7660.4758829408,7875.6832054313,8337.9734194111,9090.5009593465,9909.98267273,9852.9013187671,10016.2463687438,10189.3982094128,10206.274383357,10387.8599483779,10917.074249073,11277.9282163603
Dominican Republic,DOM,GDP per capita,3440.5977916342,3519.1324361252,3901.635195117,4202.5538167896,4310.6580924789,4560.3390342436,4890.0480045987,5283.4396522645,5623.6462895877,5997.179025472,6379.5576664312,6540.2565080346,6917.5297199042,6931.2788802837,7108.1120236497,7899.6381921296,8882.5897876836,9753.3602411881,10116.6465160674,10150.6162610657,10981.1765999168,11375.6203912161,11740.0536291201,12347.8207509843,13310.753009608,14211.7245518375
Ecuador,ECU,GDP per capita,4829.4195591217,5083.4690205016,5187.9341378176,5294.7409064461,5514.1794461133,5633.1758921918,5714.0267205754,5940.5522510305,6079.388542708,5768.5356562761,5855.63475391,6120.9318482491,6360.9706795352,6555.3732350639,7169.973366211,7664.2898308138,8110.479753843,8366.1301317469,8920.4773640054,8889.1923485644,9163.1579093806,9926.9524958515,10512.4366955457,10997.8188746584,11413.2129728622,11388.1569035469
Egypt  Arab Rep.,EGY,GDP per capita,3887.2415325778,3968.9973357615,4150.7332999142,4286.4540628001,4465.1059959447,4681.0982285505,4912.9775206463,5177.1133357683,5348.0636203495,5659.2477198782,5989.6634799297,6227.4508461944,6353.4659165642,6563.1710634579,6890.9700256869,7297.2657607392,7895.792083536,8531.592455286,9159.3153799509,9485.1803549904,9897.7485512574,10071.2052571796,10252.5229815309,10402.0038381834,10571.335258205,10891.2577498598
El Salvador,SLV,GDP per capita,2929.3666349152,3094.1830687714,3358.9015506319,3645.1307959095,3900.6789424225,4190.7088303415,4297.9883943798,4518.0012391974,4702.0787061406,4904.848180872,5092.5485884431,5267.792374034,5446.314437556,5657.0390695515,5896.0160655439,6279.1132609064,6702.2729621229,7122.3363181913,7332.798992948,7136.595021102,7301.806596988,7596.5091309992,7859.8607302511,8112.2843467725,8338.3303441977,8602.0664930947
Equatorial Guinea,GNQ,GDP per capita,682.2971737252,674.5311673167,898.1001412251,985.9549623616,1134.6787193904,1314.9538672446,2155.8470271189,5298.5882250096,6409.1643235872,7906.1964356616,9242.9153472127,14935.6854873307,17521.0773924362,19701.1683729375,27039.6115080216,31560.3426759465,33959.2066493964,37954.1792785089,41267.1336663916,38519.9873963727,36389.8480611381,36754.8104741979,38416.1635186061,35432.2691192544,34870.5798687516,30040.6510685835
Eritrea,ERI,GDP per capita,,,748.7916633899,872.4594334717,1081.123723734,1129.3987357584,1241.3885679807,1338.2508308756,1345.146258518,1329.1041004172,1277.3450602517,1374.2499970969,1386.6258788737,1327.699789143,1337.5207959526,1373.4212697638,1365.0391262974,1388.5052495439,1250.4672979146,1282.3338457088,1299.289896426,1411.1576379111,,,,
Estonia,EST,GDP per capita,,,,,,6352.2438967711,6956.6565083439,8003.7499390724,8479.3600399068,8776.2743236568,9706.9281979421,10548.5140328629,11805.4691998888,13237.356752152,14664.4024724071,16560.5022328626,19299.0784112394,21836.4122934343,22508.9284050416,20206.1807067891,21113.1196108327,23954.8659685125,25921.0285969625,27169.2866515858,28139.9394406363,28094.8049532218
Ethiopia,ETH,GDP per capita,421.6368043848,390.5334758207,351.9444122747,393.3792814116,400.4256013951,419.6461615327,465.4488020997,473.6835828637,448.8913700687,465.6063997,490.727655695,528.0815435729,528.8598819702,512.8753943464,581.8370686403,653.1160506035,725.9606023289,808.5189863298,889.2679648391,949.4938972509,1053.796725279,1165.216838482,1256.6822081201,1376.9647384008,1505.2389777443,1625.6132616468
Faroe Islands,FRO,GDP per capita,,,,,,,,,,,,,,,,,,,,,,,,,,
Fiji,FJI,GDP per capita,4033.7995719569,4017.7935992552,4306.9681211304,4440.7967070427,4700.3521284619,4855.9896132851,5122.6557411072,5041.8446713726,5114.7248982278,5606.6856357956,5603.924919693,5824.7821033941,6092.4099396422,6268.8491403096,6768.2798722687,7005.2998758283,7304.7711502213,7370.0112233745,7515.8658899869,7392.1654013834,7630.9888464818,7486.7614370022,7688.7778655415,8173.4192053694,8824.6089770173,9158.9871878827
Finland,FIN,GDP per capita,17906.1394804034,17313.0364938281,17023.0575629767,17216.5708852138,18196.9904511362,19284.3184350073,19817.9052163328,21572.597805293,23267.5123952751,24501.7799104739,26465.7521960602,27541.9410224649,28421.2398938674,28816.1192599611,31084.2892191989,32065.1707160028,34502.2665620973,37505.1309354446,39729.648543659,37534.5019282014,38322.9267423552,40251.3735098925,40437.5938723363,40951.5132351015,40693.7512405515,40600.9189208876
France,FRA,GDP per capita,17505.2919840021,18261.3921863597,18882.3260805587,19130.0826657557,19921.1267515082,20685.7857268964,21288.2996421254,22220.0292986754,23321.0934076335,24249.7116642788,25972.1999010763,27427.5913544085,28503.5667367152,28093.4086044674,29028.1822465162,30375.5606760951,32267.0140642839,34034.3851783839,35141.8379392758,34797.474085009,35891.2938160199,37325.3043394949,37462.3250299433,39157.6713277253,39163.1945015004,39677.992121419
French Polynesia,PYF,GDP per capita,,,,,,,,,,,,,,,,,,,,,,,,,,
Gabon,GAB,GDP per capita,12603.2051835089,13451.6837839565,12983.5016278471,13458.5042889638,13888.0622797604,14501.7490277285,14911.5751786557,15631.0953565715,15942.2222388724,14381.1748547885,14090.046627668,14381.5255599484,14241.0243718271,14525.7852032332,14699.893371138,15418.5728414042,14976.1285621503,15884.1750027699,15310.9890255941,15102.1649035054,16004.0545161551,17100.7005205501,17919.0644839789,18808.2860153596,19501.1176390943,20010.1397549695
Georgia,GEO,GDP per capita,5181.4507801948,4194.6275125058,2345.6874967632,1684.8597023802,1557.4593903288,1675.2508754867,1945.3353360497,2227.5389009184,2344.5467437055,2467.8652166925,2590.3185682851,2796.8557956573,3015.4477232273,3460.1508473809,3813.1893139655,4370.3386133503,4991.6179090982,5833.1837824876,6163.757922649,6054.1891802557,6597.5685567345,7315.0908976643,8026.5071295653,8543.0804111873,9204.3186730589,9679.187610524
Germany,DEU,GDP per capita,19032.6960596972,20520.7393997643,21230.2483633016,21386.5010733753,22300.8680882488,23093.6007976579,23655.819878193,24183.8620965957,24871.240907287,25798.2798999652,26630.511188423,27725.1101362828,28435.9013788939,29362.4250705971,30694.9023377929,32184.0552318691,34690.3332182257,36777.7830596791,38438.7411526805,37112.8806127286,39639.4799659111,42142.5488974642,43600.1134007712,44184.8230352597,46393.8765153842,47268.4336786881
Ghana,GHA,GDP per capita,1240.6987311789,1312.5195015824,1355.8690368507,1415.5864910809,1453.9264852992,1506.4153084145,1566.36395721,1622.2917979974,1678.7180971025,1739.1938851022,1801.4146091972,1869.6058411627,1934.169985909,2022.4586630206,2138.0984526183,2277.11342968,2433.3060783865,2539.9863278914,2754.8837548917,2837.0142410633,3021.4849762555,3430.8573886729,3726.6439391106,3968.0564478655,4096.5844938533,4200.5471023152
Gibraltar,GIB,GDP per capita,,,,,,,,,,,,,,,,,,,,,,,,,,
Greece,GRC,GDP per capita,13250.8674835483,13947.9551787292,14256.4214308596,14277.8681965917,14799.0759402376,15353.0604104553,16035.5683696808,17059.3194127345,17631.4847993012,18265.3884799899,19285.4421517901,20900.3312093624,22718.5683777359,23806.5340160706,25425.6007267355,25396.2339652287,28272.6942184129,29305.8223239071,31161.5304044574,30652.2120897201,28981.4183412436,26626.4600462408,25980.0865157009,26753.1265074318,26794.7487486664,26680.0854581903
Greenland,GRL,GDP per capita,,,,,,,,,,,,,,,,,,,,,,,,,,
Grenada,GRD,GDP per capita,4840.2855054045,5107.3078779858,5168.2748730116,5093.8720820237,5286.3086504494,5484.7899703617,5780.2133676874,6130.0939610947,6590.4629699218,7355.2088695741,7649.9696397619,7648.7124333369,8013.328394326,8922.9366519972,9083.555117658,10589.962449332,10445.5187785766,11347.0239513504,11640.4165115578,10914.8582820379,10951.8841081545,11221.3623353168,11252.5568168313,11657.908478185,12470.3895344715,12966.945370691
Guam,GUM,GDP per capita,,,,,,,,,,,,,,,,,,,,,,,,,,
Guatemala,GTM,GDP per capita,3334.6909991252,3485.5550481274,3646.5329168794,3785.0917393073,3923.525859316,4101.7400535472,4196.849383441,4348.6371536384,4505.5046823286,4637.1789074586,4796.2111117943,4899.196858509,5042.3454205304,5146.7562561062,5326.0402358031,5544.9640460846,5885.9348937759,6280.3089857572,6468.7133797416,6410.6377120734,6532.7576137687,6798.842733684,6981.5068440802,7206.660237961,7476.0923844636,7706.7387194866
Guinea,GIN,GDP per capita,727.271403012,730.7851620933,727.9567747964,738.6505341298,744.6864123415,762.2106141779,784.6316346236,818.6006553757,840.8633570489,870.9270816248,897.2866290562,934.6752314269,980.6774889815,994.4690337625,1025.4848628434,1067.1768941458,1101.3115179499,1121.6853850347,1168.5191040596,1142.4936358267,1147.0849859183,1183.8558462794,1219.547151829,1233.9814200713,1225.7440576601,1206.5295087558
Guinea-Bissau,GNB,GDP per capita,972.758405297,1032.9440211001,1044.4070821907,1067.5533958527,1100.4147716451,1147.2043305218,1275.4310526134,1351.8854768128,961.5818620483,965.3972504484,1019.007440684,1042.6974062316,1026.3356384066,1030.7100857384,1065.4179709174,1122.331788943,1158.3357660435,1200.9648008947,1236.2867561989,1258.3197555308,1299.7263006101,1416.3117773279,1382.5043355999,1382.2885483296,1405.9898932632,1452.8454574364
Guyana,GUY,GDP per capita,1892.5090141651,2080.560688014,2294.2598661318,2533.6949957531,2795.2749219597,2981.5787679687,3259.6612273708,3504.3320154318,3465.4906872202,3608.9572821369,3630.312326065,3791.759290523,3890.7238881048,3931.4310989603,4174.7020501229,4222.8102647075,4568.370073622,5006.1871179411,5188.1819893501,5381.980362592,5666.1045616349,6077.1860379861,6465.612628172,6890.2912306998,7245.2446929178,7506.445071988
Haiti,HTI,GDP per capita,,,,,,,,,1326.8313063501,1359.4431069421,1378.7903709505,1372.492010274,1367.5497805841,1377.7588403509,1344.5717346652,1390.7057461121,1442.9735271087,1507.2781870331,1526.153626781,1561.3742557934,1471.6486491895,1562.3041293049,1614.0858205779,1686.7316940553,1738.9141229634,1762.1736401066
Honduras,HND,GDP per capita,2071.6810751294,2149.8825474847,2260.454449998,2394.39567179,2352.6799242292,2438.6916532629,2512.5193142556,2622.9493118641,2669.2159472062,2602.8226466575,2757.1062787469,2838.4329764072,2931.4530075966,3065.8067851827,3283.4771565656,3527.9349337977,3804.9773382853,4074.2960972385,4255.012759247,4113.0305006327,4249.0931030835,4433.7193102763,4632.0951079515,4769.3969866384,4926.616328813,5084.4704632504
Hong Kong SAR  China,HKG,GDP per capita,17434.4387375371,18884.6857713508,20347.899141902,21747.0528917536,23026.0067319187,23592.435811133,23958.7571576833,25399.201414569,23963.6005875701,24703.1257533895,26962.6967634384,27528.1815107663,28288.2697961829,29792.930931061,33016.9280228517,36437.5866753136,39940.9227496188,43281.0213725346,44800.2386101703,43935.6928282274,47134.560848342,50085.9593288483,51274.0603140027,53464.9265085994,55346.5558063275,56719.4984712502
Hungary,HUN,GDP per capita,,8252.4323019763,8185.119655844,8341.0943013937,8781.6727364618,9111.0390258253,9398.4430573069,10047.5789963405,10770.7039788789,11237.6765445939,12085.3760238644,13646.5381158223,14918.3983153538,15641.3128714977,16461.9487594172,17314.476107027,18652.6067138648,19337.1665663709,20810.7852001093,20860.557155575,21576.7069453107,22603.2027174727,22701.4502235308,24037.1704538153,25060.5052883092,25581.5035115148
Iceland,ISL,GDP per capita,21806.8223890515,22223.200277939,21688.6442378739,22268.7346117823,23360.0192616922,23745.8718281088,24716.7140248435,26644.463140108,28362.780623482,29218.7756831228,29600.3333915091,31263.1324762595,31976.2274660987,31726.8640413011,34949.102373529,35881.0150630817,36728.6331028559,38704.2351346751,41366.6709889659,39912.2712141369,38615.3391912455,39557.9356463221,40278.3870438051,42714.604259498,43993.2928638575,46546.9771340154
India,IND,GDP per capita,1146.027972402,1172.5636118546,1239.9955482057,1303.8967253784,1393.0024434173,1500.681341475,1612.5348975741,1674.8697444563,1764.8782246325,1915.3906493359,1998.4886582575,2105.8410125659,2182.2445574711,2361.3348489703,2576.5376205055,2860.8857010062,3172.707329248,3484.7564628291,3637.7560942856,3920.1605416062,4315.4400463118,4634.9451623471,4921.842308086,5267.8266106122,5672.189443572,6088.6498299912
Indonesia,IDN,GDP per capita,2893.8334999552,3201.0428781144,3451.5691868914,3728.251852323,4029.9420898571,4391.088784639,4741.5092173542,4976.4561897254,4308.541084506,4347.9993183051,4601.8493587942,4812.0612779988,5037.1675158026,5311.4007644596,5655.9939136592,6088.8792307918,6534.2741600368,7040.6697895081,7511.4173688275,7815.7071303618,8294.0543496696,8870.284188915,9453.6982283248,10011.3464228635,10553.1873508433,11035.0924440865
Iran Islamic Rep.,IRN,GDP per capita,6575.5835786223,7508.8749789746,7818.40953364,7795.2598160123,7735.2718395444,7976.6344852652,8498.8494990541,8603.9331812809,8712.1403028456,8860.4485277217,9435.9818391103,9739.5039692077,10548.3779476119,11547.4037189744,12236.6254448479,13011.7378600877,14016.4003421618,15526.5558436374,15798.9645862426,16100.8915095883,17163.0792678197,17949.2444238935,16853.7828153936,16584.3125143034,17365.7789395309,
Iraq,IRQ,GDP per capita,7442.8488649221,2691.9155664765,3548.7137572363,4595.895782204,4729.1993343381,4781.2245058879,5239.7979082242,6261.9928406328,8274.3549023849,9581.2420712535,9647.8670248596,9810.5526870425,9019.1442627671,5989.182462011,9237.9333150326,9697.9037364136,10733.4450476973,10893.209802467,11715.8470551452,11875.0141777195,12417.7696665771,13203.0477987986,14813.5649123457,15503.6290411366,14914.6546596009,14894.8111476963
Ireland,IRL,GDP per capita,13384.2687487988,14015.8196631381,14713.8592708267,15392.4200505293,16559.3960416086,18438.6850046072,19974.5306944872,22091.6254806729,24503.5524382845,26530.6795253144,29612.1702149963,31773.722810243,34440.584215693,36023.4683122174,38144.6756035068,40446.9236672622,43963.9559431897,46735.7510704347,43902.1223347123,41866.4993329051,43249.5594490708,45673.5345036199,46063.3445925379,47599.6816966271,49376.8434317514,54654.3974613799
Isle of Man,IMN,GDP per capita,,,,,,,,,,,,,,,,,,,,,,,,,,
Israel,ISR,GDP per capita,13381.0790716503,13809.6710990282,14603.8368430206,15118.2936671849,16110.8394284733,19658.0832776847,20700.7208727113,21373.8125806518,22015.1678196739,22604.3822742356,24923.8860284016,24958.1785177814,25218.3962531381,23794.5030912082,25248.8627092652,24885.2184925703,25766.9760969882,27581.4069596089,27516.2299196564,27558.1879505678,28900.9197381996,30574.2523577465,31993.6238427527,33382.1112688306,33703.4250415256,35431.6089729029
Italy,ITA,GDP per capita,18272.8597989807,19158.287156649,19745.0875047435,20030.2185605756,20892.2674483358,21943.3498683712,22645.1428582732,23434.2773020353,24660.1229466597,25158.4189956508,26640.2170070876,28246.7983200123,27898.4706085078,28462.0371268789,28770.9672691018,29652.7563709815,31953.4603527794,33711.9527914576,35170.8964586322,34142.338499387,34714.5268552022,35870.7137716038,35899.7799658795,35707.8311114826,35419.3953084239,35896.4614379586
Jamaica,JAM,GDP per capita,4774.2369905326,5137.3430416386,5319.6140063093,5915.1610650478,6077.365609145,6298.7100918806,6330.0256815722,6304.288724826,6168.6471105703,6285.6192372024,6447.3204909376,6641.4701299409,6852.6076945397,7219.4359935891,7489.1794443933,7771.348676018,8212.9974277783,8521.9896084025,8595.876227559,8248.7020106968,8196.2794299663,8481.2459735682,8560.0871322461,8725.1733633109,8910.1753244489,9062.5160677084
Japan,JPN,GDP per capita,19229.6658066199,20466.647038504,21052.3192100673,21536.8556246016,22109.6812192212,22921.5410255259,23888.6125876517,24626.4168932302,24328.8203302384,24606.920710743,25938.1978920515,26559.5315639375,27241.1030286307,27941.1763434632,29377.3436609935,30441.3480837946,31790.6552616674,33313.8653324181,33495.1780721489,31857.372226654,33760.9768142973,34335.304019806,35735.6167173084,36618.3063247058,36577.2106148287,37321.601987158
Jordan,JOR,GDP per capita,4305.5121190663,4299.270565879,4932.2299594679,4998.746243317,5104.684709557,5321.4415375086,5372.4690923166,5523.5107491323,5656.0671126371,5849.6632427562,6136.9182202171,6494.9096850451,6851.2937273497,7129.3214264309,7754.0949462506,8395.0728530697,9019.7201514952,9618.1814689625,10077.6152268712,10271.3186099481,10229.9175071294,10324.4466860552,10432.1751002933,10569.1754417586,10774.8682262501,10880.3200790049
Kazakhstan,KAZ,GDP per capita,8790.8214108551,8033.8768508114,7786.9100434817,7286.9128576034,6599.3532808672,6293.8854589723,6539.12016357,6871.8242385286,6933.0638344755,7298.4073724091,8220.6736453329,9559.340335683,10656.8450939096,11840.2998974825,13241.4607359898,14860.5894458121,16777.6876065204,18543.8192606189,19295.0055254083,19162.9357074856,20521.0984885494,22134.0921108481,23248.9925905127,24640.5580488643,25689.2206615432,25876.5086784176
Kenya,KEN,GDP per capita,1535.6684577648,1557.277992855,1529.8150402142,1523.3609658089,1549.7317587005,1605.6039753097,1657.7166866383,1651.4402482073,1682.1576907411,1704.7974605541,1710.8767741794,1770.5589852827,1761.7507763275,1802.2145272249,1896.1950177838,2019.359786404,2158.8939354963,2306.8662503823,2296.3124229865,2327.8433690189,2487.2245521703,2622.7301689489,2718.9864594805,2843.773361188,2965.1554867227,3082.5179913625
Kiribati,KIR,GDP per capita,921.4640707904,895.1154284032,931.0799459746,974.0042070631,1030.4783988218,1027.6508884435,1093.8087476239,1155.7120353136,1274.8302499294,1274.198654492,1402.7866160446,1420.4099664348,1425.8832552651,1486.5650042096,1547.1295314005,1563.3285750089,1507.2452125234,1628.2007409037,1669.0040846543,1635.1308710935,1613.4184498406,1659.2939524982,1705.4391839828,1753.1291647657,1815.6417123537,1858.6453690688
Korea Dem. Peopleâ€™s Rep.,PRK,GDP per capita,,,,,,,,,,,,,,,,,,,,,,,,,,
Korea Rep.,KOR,GDP per capita,8436.2460141989,9533.0265997225,10216.3171401125,11033.4367416206,12088.2244347445,13371.9896745732,14556.4666442347,15481.5991823374,14696.3053245559,16428.8466583594,18083.0812551455,19189.5693747323,20784.9455980244,21389.2460652754,22967.8128619367,24219.788858625,25863.2194857162,27872.0883687698,28718.0448442489,28392.7563625682,30465.2450528476,31327.1268995123,32222.59394254,32664.0309652705,33417.3160467909,34549.1602331629
Kosovo,KSV,GDP per capita,,,,,,,,,,,3674.1056933647,4768.2334354436,4804.2311653947,5189.5350850572,5467.8069662839,5980.1785768568,6389.9375672698,6981.655188543,7248.4276866044,7487.1555991419,7766.7815412525,8222.5941352791,8541.3136673294,8915.4025741462,9199.3236020098,9711.9618471568
Kuwait,KWT,GDP per capita,,,,,,58117.7658306024,59505.0375055129,60242.1000544289,60267.0320551395,57276.4448324844,58904.024520775,58839.0713556921,59961.9511733698,69909.1963783758,76978.4070873125,83703.2366675555,87875.5633273865,90003.7635130624,88250.0028884731,77582.1493005466,72204.3813019722,76308.5907116231,78492.3968461194,76779.28856115,73513.2903883879,71311.9935475814
Kyrgyz Republic,KGZ,GDP per capita,2245.7927155236,2103.6724235315,1831.5385604748,1584.7791738481,1293.8843508455,1236.8199115454,1328.8070470172,1464.0483939563,1488.3313048728,1543.2454785493,1644.3119731953,1754.5543396928,1764.9051618089,1906.5562603456,2071.4174907553,2110.3779356752,2218.7279337955,2448.89919938,2681.1221868103,2746.1026550485,2733.7293371857,2920.6032099095,2922.7028732004,3229.8288145744,3347.1626203131,3426.6456111849
Lao PDR,LAO,GDP per capita,1047.7735231497,1097.2113624436,1151.5774913987,1214.9890287533,1307.845816391,1395.1437207762,1485.8418273143,1582.5126354466,1632.110895436,1747.3297644656,1860.0488966,1981.5093457385,2100.9400349864,2241.6077599774,2415.0950507536,2629.958673547,2897.0914471356,3145.8300437578,3397.9960272649,3616.2159165817,3904.357150834,4233.3812475428,4580.947397486,4967.9329447323,5340.3056992002,5675.4926961053
Latvia,LVA,GDP per capita,,,,,,5960.2838163104,6161.3467602433,6831.5499300178,7502.0203310287,7659.7256405937,8163.9649764898,9029.8677384712,10227.9866638855,11342.4711337658,12511.3555551455,14119.1168769506,16604.7970143403,19021.7830456883,19874.6255368289,17032.9426720105,17409.9059719927,19451.0322812128,21122.2982149326,22559.0844468823,23547.9793999503,24286.148964047
Lebanon,LBN,GDP per capita,4998.9689018002,7010.30506155,7308.4979510296,7787.9879352287,8377.1966420937,8934.2994463404,9447.6809085053,9323.7191129087,9696.799823725,9668.010885834,9777.0942357894,10010.0722745818,10020.6127002814,10042.1289606706,10625.4570542917,10914.5422055822,11232.4642881492,12528.167542977,13854.8374881617,15131.6498768193,15948.4549196281,15683.5833239439,15221.446857073,14537.8991412559,14172.6653257963,13937.9458655461
Lesotho,LSO,GDP per capita,840.5828629899,885.6422072319,952.5588531704,988.0076833743,1043.4651936166,1068.7236021965,1128.6398249246,1179.9384943321,1200.2634317337,1211.5595527836,1291.1774676404,1365.2266204011,1383.2176039513,1466.6447828888,1530.8163218523,1611.1753107754,1719.2620528837,1834.0913156438,1960.7082758963,2023.2472221989,2187.3960300096,2297.3895481964,2427.4328356696,2545.2241772337,2647.9541218277,
Liberia,LBR,GDP per capita,,,,,,,,,461.0350644342,531.6851246142,663.0650546874,673.1113022532,692.5550686511,484.9723443263,501.6644529647,530.961091673,571.1992315125,617.2337093112,646.6985008263,659.4439241726,683.7921258418,732.633006942,784.5123573177,845.7973936356,845.4642054781,836.1510014476
Libya,LBY,GDP per capita,,,,,,,,,,16730.8571021352,17435.8315459502,17224.9888918618,17039.0933152765,19322.8651185899,20397.9647078203,23154.4321879534,24962.8054024909,26753.947407828,27525.070348041,27135.3565354688,28583.4659963526,11023.4371395436,22975.8756237746,20241.9719790722,15654.0988696528,14154.258255736
Liechtenstein,LIE,GDP per capita,,,,,,,,,,,,,,,,,,,,,,,,,,
Lithuania,LTU,GDP per capita,,,,,,6180.4575517151,6633.1306543855,7302.5768381433,7990.7380412662,8016.9376431674,8695.4834867488,9664.3157862938,10732.6123700339,12315.6347855449,13251.4626436146,14681.8899951797,16728.9461476706,19277.1717326433,20796.7632597862,18277.9153390851,20085.0447824268,22541.7255710377,24475.0507509952,26511.2190121429,27685.9217668332,27729.7510217423
Luxembourg,LUX,GDP per capita,32083.1862583608,35537.4270497662,36520.5438690715,38440.5816207584,40207.3939057679,41053.091853812,42401.89991816,43029.3620089689,45567.2580377156,51751.8060579032,56593.3620724356,56234.104858179,59409.4481056509,60926.987220869,65447.5476670766,67081.0783759969,77300.9656548164,82846.1618508092,85015.6050935741,80306.0811316769,84589.8398682131,91073.3220829315,90788.2865762064,95928.5990389599,98459.5200426276,101926.423613902
Macao SAR China,MAC,GDP per capita,22228.8602822625,23190.1303378162,26281.8990613104,27773.9917967901,29075.6473232152,30147.858784689,30064.4711982515,29984.1382287901,28447.2711305062,27749.6013959953,29550.1490198799,34407.773258879,37539.9282351198,42126.8423481174,53929.9530040922,58922.0974919511,67157.3079188151,76777.7640173014,78666.5659050474,78134.5828791808,96619.8443992282,117340.970750623,127938.918712409,141968.100275398,140630.079450897,111270.075193627
Macedonia,MKD,GDP per capita,5316.0304407982,5174.153459486,4973.2384952177,4740.2955764902,4777.3553732314,4829.1006875101,4963.4417558202,5092.3735040958,5313.6939403712,5561.1614331884,6242.8953532013,6286.5949300796,6378.5535832016,6684.1731353508,7216.052273886,8210.5914390898,9155.1411071144,9671.6180539028,10791.1815855417,11305.3357366054,11678.4079644032,11641.2302221215,11891.6439757102,12811.6605685567,13517.2900016996,13907.9385141898
Madagascar,MDG,GDP per capita,1073.3822548204,1008.3461190717,1012.4525278504,1026.4706108021,1015.7602815826,1022.3384650735,1030.4260494763,1052.9009795389,1071.7013916573,1103.5379926659,1146.1777936673,1205.2622988992,1036.723372335,1126.5815342382,1182.8757230974,1240.3349714505,1304.4446045376,1382.7105448906,1468.2102991633,1380.5659219109,1362.2987718192,1371.6485752424,1399.5143248094,1414.496627672,1441.9712712824,1459.2687947688
Malawi,MWI,GDP per capita,482.4589277512,531.0226763268,499.2085100692,559.7688345208,511.6641235102,603.6830359192,647.5525684948,666.7136489359,680.1081731792,690.6672665869,697.6008039607,660.3855016954,664.7474763139,698.8007740918,737.5883978041,765.223711377,802.8457435734,877.5051001502,934.9315315493,990.2613624105,1039.2895189837,1078.8556473052,1085.678999742,1125.6438132211,1172.7601831709,1182.622570669
Malaysia,MYS,GDP per capita,6755.1314048694,7442.426153965,8074.846833027,8856.2223518586,9630.9090653524,10527.5484397038,11494.9873187823,12233.0081183582,11173.9122596966,11757.0192426879,12797.9513333674,12882.2315261171,13513.396802286,14306.6236816481,15410.5269047615,16453.1015815628,17587.3549763449,18856.9762295049,19809.923353434,19328.7582325944,20675.018736369,21866.340751899,23124.660480641,24238.9993949875,25732.2652320619,26891.4432342056
Maldives,MDV,GDP per capita,,,,,,,,,,,,5652.7452712568,5966.4462932133,6788.4259328479,7754.5146396499,7110.2529199168,8523.7474179571,9250.3957411801,10227.6685790386,9791.4650020522,10301.7057528176,11126.9455942042,11373.4629575726,11855.7504621463,12575.4539619689,12636.5235260583
Mali,MLI,GDP per capita,577.3782128455,652.0234376055,629.5561997429,647.4807403355,667.8139366813,669.6776229125,710.8167858782,737.9973296919,781.2229665952,815.6169557443,810.2455235934,922.7148848676,981.2502161549,1096.2342535628,1024.3671223392,1130.1285916465,1268.4147880256,1364.2381511997,1474.0538095775,1606.496276247,1746.6712447019,1862.9404009804,2048.0739172409,2163.0554826868,2301.3216643432,2428.2899639437
Malta,MLT,GDP per capita,10926.3259804183,11877.0846098594,12593.3010626325,13343.4212697899,14270.8216388626,15388.2470390781,14645.8329715091,15550.7392494056,16261.0793746576,17029.0863040796,19045.8188468575,18264.798651207,19328.8377545016,19723.7629467084,19942.9450693404,21018.7482394488,22277.5911937073,23618.5570998192,25462.0139589208,25828.6623908173,26689.940987633,28177.573674541,28355.7055086515,29525.7061882311,,
Marshall Islands,MHL,GDP per capita,1952.3401139844,1969.9113756353,2119.3032185287,2269.2579396159,2428.2999287805,2659.2549512353,2411.0027246152,2280.8898136461,2230.3575536909,2203.6699772588,2382.6907608119,2566.5632464,2675.3117895241,2735.712087917,2811.5908724695,2982.7876078226,3132.2392812667,3332.1685592871,3327.9038324631,3267.7169487466,3436.5161991762,3505.2696944543,3661.7994294444,3799.7739346962,3816.5797009811,
Mauritania,MRT,GDP per capita,1819.8892301308,1861.5475146396,1885.7708092017,1986.5352912124,1910.7140694914,2080.4117826119,2176.551832091,2062.1440222644,2079.2479158278,2206.1205061911,2178.9858931433,2204.2452705609,2184.1046057891,2289.3930793558,2414.338631228,2638.7414542038,3145.5759793574,3233.9714003058,3248.8131807534,3158.549257248,3266.2946257556,3403.5345263644,3575.9863538776,3760.4196737275,3885.6933646989,
Mauritius,MUS,GDP per capita,4891.1457118449,5221.4443859031,5613.9256430933,5968.4079631988,6259.2886292385,6606.7578371508,7031.0029350595,7464.0251721726,7919.3545363352,8146.2469931982,8994.8533217607,9362.3414780141,9639.8018052343,10118.0816440523,10924.9220566478,11349.0340061053,12102.9112122428,13097.1085810379,14039.113624949,14538.3762449038,15282.9245585329,16179.2915316024,16961.1109505936,17748.1706807877,18659.6601024461,19480.4707057169
Mexico,MEX,GDP per capita,6019.2622114531,6353.2573033951,6600.6619167041,8442.9896754573,8853.9809826187,7978.6103954332,8348.036545431,8926.8184167648,9265.6357512087,9710.5042620532,10318.5320069566,10301.6180311014,10348.6155830997,10588.3448500135,11198.5470123577,12070.8960874487,13144.1828664962,13717.4604579467,14272.194935998,13934.1586501896,14603.1678602294,15754.1971730871,16289.5652780893,16248.8011575865,17356.9226448088,17276.6436278581
Moldova,MDA,GDP per capita,4162.2004560771,3604.8188187712,2612.6669494207,2646.3014722987,1872.5688568336,1893.0170685812,1831.0035980082,1899.1497263841,1795.7012595432,1763.960688108,1845.7357387381,2007.4380681335,2202.3328714869,2401.2533380874,2656.6739905125,2954.6460214709,3200.4382262855,3394.2704118543,3736.6885895172,3544.0257440411,3845.6355880819,4179.2148088151,4226.9591893056,4700.7950468454,5010.4115705611,5038.5020491015
Monaco,MCO,GDP per capita,,,,,,,,,,,,,,,,,,,,,,,,,,
Mongolia,MNG,GDP per capita,3310.8614252155,3076.0844626749,2822.4184290891,2773.6539543248,2871.2050879523,3094.185479734,3195.3226170926,3349.008645919,3468.8768936133,3598.6633432755,3689.7004117589,3849.4226515466,4053.6776546034,4378.350591668,4921.7828630566,5384.320930304,5949.1514198058,6644.3182751429,7274.1269515406,7128.216003943,7552.6460829873,8889.3455377797,9990.0380490701,11134.0437906454,11996.5885033738,12188.594575581
Montenegro,MNE,GDP per capita,,,,,,,,,,,6614.6859541778,6812.3821289043,7020.1929309596,7309.9478503608,7827.5491400956,8405.7368447744,10522.582285359,12483.1862597851,13919.9169821303,13127.6868360506,13439.5976817255,14215.5591809531,13812.695943286,14623.7448413652,15054.7550055037,15485.806091608
Morocco,MAR,GDP per capita,2521.3693756491,2742.4036511527,2697.3152586264,2694.0487868089,2993.016457392,2845.8078166933,3209.1792767447,3169.3246230937,3391.4529260571,3438.3782925933,3542.7661144395,3846.5163710737,3985.8026552044,4264.2719425707,4545.5396048687,4796.4995214028,5262.5200004235,5533.2904670613,5909.2778864594,6133.763743364,6365.1896615189,6746.8994563416,6979.8990791276,7323.9506883111,7518.0586673209,7821.396498115
Mozambique,MOZ,GDP per capita,242.3845604705,256.0628558344,239.7393761707,256.629205008,267.5981620331,269.6375677769,337.7048597016,370.2980089506,407.9615171953,435.1325441348,440.3525845339,493.4222084609,529.3821578416,558.3079978602,600.5492643078,654.6779387031,720.423965468,772.4257715418,818.4804732292,852.8593033769,895.4996639097,951.8253638814,1010.2212518776,1069.4951684488,1135.732687918,1185.8160121968
Myanmar,MMR,GDP per capita,,,,,,,,,,,,,,,,,,,,,,,,,,
Namibia,NAM,GDP per capita,3694.5891624976,3986.4852425672,4233.24029327,4140.2556023065,4177.3595648217,4301.1583475912,4383.9320846987,4507.7084285549,4571.8506085427,4675.7568953876,4843.2005050921,4926.1363377829,5169.6770455781,5433.0936254908,6197.9176796978,6480.5802378157,7058.5135642981,7617.3503352877,7849.9994704969,7797.9282021702,8212.3293148026,8625.7179215883,9021.8957626307,9460.5882454802,9985.2833927062,10413.9764716817
Nauru,NRU,GDP per capita,,,,,,,,,,,,,,,,,,,,,,,,,,
Nepal,NPL,GDP per capita,774.5920995972,829.4093746691,859.5486818033,889.2631812085,957.0449111489,985.7758438263,1032.5587139384,1078.9806543067,1100.4340903355,1144.1311523473,1220.4642503873,1286.4727357207,1287.7344316226,1345.9072582763,1428.7576381081,1507.5683137471,1588.2651533954,1668.7404016409,1787.4058195717,1863.6834628761,1956.4658657987,2042.1406869087,2153.7364926268,2251.8319627329,2382.8892116434,2458.1327293431
Netherlands,NLD,GDP per capita,18791.5848896987,19734.5557933494,20374.1426932453,20974.5101672219,21922.5795807666,22963.4722161008,24124.9267907897,25652.8995749973,27331.3089572433,28924.9385944727,31528.0984465832,32804.0661886944,33950.395525221,33739.819746704,35401.9294706651,37306.3049733224,40815.451149713,43659.1658471643,46140.346443128,44386.51361823,44773.8728670549,46388.293591692,46448.884799242,47954.5040434149,48253.3341426866,48458.9404873297
New Caledonia,NCL,GDP per capita,,,,,,,,,,,,,,,,,,,,,,,,,,
New Zealand,NZL,GDP per capita,14855.6287589351,14557.7486884259,14910.4830900269,15960.6344107788,17095.0583777158,17889.5550296297,18464.2847893065,19132.4911795177,19320.5625442814,20579.0024165994,21512.7492659889,22500.3249531972,23306.4519455811,23957.9150015967,25083.799996404,25677.2614892374,27735.8933300036,29376.1752679483,29860.212777283,30714.0491106459,31270.0582136574,32734.3831571154,33065.5112359197,37096.0998715319,37711.5204080117,36982.2985659285
Nicaragua,NIC,GDP per capita,1951.8627660277,1969.1590216816,1977.7134294182,1973.4260933747,2039.3155036257,2161.1825038188,2296.167272389,2384.5500618162,2457.293861846,2627.258775742,2754.3330305904,2858.4557372384,2884.0813235361,2975.9561762554,3178.4794089823,3376.9654300827,3578.0837076853,3817.1863631087,3951.2471798624,3822.1644291501,3942.8226195229,4223.4272387993,4488.1745097809,4713.0886875139,4952.343435851,5189.7329991541
Niger,NER,GDP per capita,585.3607424672,600.4893198273,555.5550075299,557.843572849,572.4323825272,578.9229807139,588.2929775799,593.0051070736,638.2062357957,621.1404082831,603.8282497986,637.7278176491,642.9859659407,665.7174887107,659.9820675266,686.0368669932,720.859443024,735.3715889244,791.3179015189,761.990923399,804.0510285426,807.1930208897,883.2513772572,907.7233885526,948.6713168411,953.5418410214
Nigeria,NGA,GDP per capita,1958.6865704689,1960.7655341557,1963.9623328764,2001.9204045303,2012.2451994424,1997.4350835905,2082.8343210703,2124.1459107008,2151.0479899795,2140.0165533616,2247.8850297793,2340.7459181887,2404.9588841826,2638.8002225449,3534.0471386637,3676.7075004352,3994.7718893854,4266.9616275498,4502.205378764,4723.0914559807,5019.1860606689,5230.5988537581,5407.3239561759,5638.5491642381,5932.8313319848,5991.6905399017
Northern Mariana Islands,MNP,GDP per capita,,,,,,,,,,,,,,,,,,,,,,,,,,
Norway,NOR,GDP per capita,18255.4015215931,19352.4626068509,20383.1285216638,21334.4911031522,22760.0627826159,24074.6217718814,26573.6036035382,28473.9981373265,27937.9328123846,30407.965371759,36789.5142725563,37789.0715116377,37732.9445962763,38996.1963195044,43182.2101600223,48356.5130433516,54689.7011869722,56857.0858761078,62431.5818742207,56167.3960382926,58812.9430633722,62736.6804662551,65399.836084667,66817.1738662621,65702.1961508927,61471.5737187892
Oman,OMN,GDP per capita,22645.2452628061,23768.5374706119,25190.1157504157,26205.0212280372,26847.8667652375,28090.3625071339,29103.8890217043,31277.7428527859,32491.6222737521,32939.4004710356,35287.8572547277,37159.8615217969,36501.4331548338,35295.6530472527,35787.6938612856,36972.7236503926,39424.7960323731,41618.1406264128,44900.7905655631,46098.8879725011,45884.9585799153,42479.201320064,41944.9991757071,40195.5176241484,38771.8381020344,38234.0535912569
Pakistan,PAK,GDP per capita,1975.8196305792,2086.2400325581,2237.910047244,2272.1638752208,2347.1413831587,2452.7478005439,2554.0321947487,2559.9823619093,2590.0754229226,2662.5433739823,2775.6326340244,2833.0433655687,2907.7581823608,3046.5431670452,3293.5063422941,3586.4177784798,3845.526135768,4054.6417983063,4118.6901083731,4179.7340242065,4209.6980303035,4322.5343825477,4460.9230726128,4632.3928147461,4828.9424381469,5041.7152639559
Palau,PLW,GDP per capita,,10737.9463505119,10006.2434448444,8736.3638048908,9311.5549937244,10266.9700272755,11254.6654215445,11434.0156100066,11534.0511734308,10870.4568007673,10802.4684263378,11389.0424562586,12219.3581746401,11597.7602738737,12676.9234243149,13181.4364604627,13144.5548974921,13416.1349836402,12845.3007971195,11700.5393168877,12157.3000958188,12947.9075753943,13510.0345754012,13291.3681668547,13965.90777937,15286.0426912901
Panama,PAN,GDP per capita,4971.8346332591,5505.5906691718,5968.8965678601,6313.9243686789,6498.0663050927,6613.2145119422,6782.7023401432,7195.4676725356,7650.2777688954,7911.7963780582,8150.8583948445,8226.5765099019,8381.9819992568,8747.9397880095,9492.3935375718,10316.715601476,11337.935646009,13188.9680091505,14354.0995117296,14443.6031706826,15202.2174353368,17058.5964457122,18663.1681828035,19894.7653436559,21102.6753465096,22192.05357038
Papua New Guinea,PNG,GDP per capita,1038.4760103466,1146.7915057436,1302.5276183104,1537.1013663211,1621.3206645275,1559.6581931638,1666.9852618574,1587.0825490403,1503.7365008311,1514.9218165812,1472.1732969238,1466.0362454296,1449.2541752313,1473.0663915161,1516.9428856906,1624.923129479,1672.2692386254,1795.9765827273,1906.6571510892,1992.3530021846,2122.7074499297,2345.0658768731,2525.9621093567,2652.2072970215,2865.1789882024,
Paraguay,PRY,GDP per capita,3901.5735517447,4066.4533891027,4125.3791098195,4325.4983833044,4543.1231531167,4840.225630752,4893.2553351795,5073.9272663047,5022.5975143894,4925.6296145404,4822.9760605237,4797.7184236006,4780.1544830655,4996.0403678408,5251.9882575178,5448.9811712004,5799.0178472066,6188.4234162412,6621.2038326408,6322.5247434557,7142.0570387515,7504.6774919244,7447.1747264371,8515.4394857852,8943.914456763,9184.4894106824
Peru,PER,GDP per capita,3404.1176943266,3521.8311084708,3511.1188519705,3710.1787032349,4177.1093937193,4500.3676839431,4633.2519959169,4939.6925384069,4900.2528216634,4978.1909981389,5157.3119873229,5237.4062707785,5536.1315183803,5808.2710026937,6186.8476800144,6704.3879199646,7340.3617228598,8078.5542593151,8880.515727331,8929.7560163843,9678.4952248856,10379.2098377875,11051.2537713681,11730.7028287635,12046.987919668,12402.4227069832
Philippines,PHL,GDP per capita,2591.9269208844,2597.1971998224,2601.1113916137,2655.0568331058,2764.7813159453,2886.9960209667,3041.7880046818,3182.757831729,3129.606237317,3205.4839098639,3350.7009519235,3452.1614288603,3557.4339976279,3731.7175353009,4012.5760237207,4261.7229970054,4546.3509734671,4899.3923318199,5126.2227308,5147.8015129718,5524.1544103206,5754.1124415648,6153.0704486469,6587.9166974512,6994.4320081393,7358.8241456762
Poland,POL,GDP per capita,5995.6533679732,5740.1847997115,6000.2658814261,6356.4774119659,6820.9410809936,7437.1724375647,8066.4086366802,8798.4976415606,9388.6128675812,9920.3594951764,10607.8992365519,10967.2926008257,11592.2803284225,12045.0375318639,13049.5187537657,13806.8284829299,15143.6072948769,16890.3264743747,18046.1515894378,19139.5032948775,20883.0604443515,22520.0128003371,23598.5592763806,24493.7552756422,25262.2721865603,26135.3228347978
Portugal,PRT,GDP per capita,11185.0787661526,12090.0650748061,12510.0985107014,12530.7195983978,12886.132419701,13670.8889727506,14182.2463914513,15047.4399495544,15804.4713098422,16806.0815665999,17847.3730789742,18588.9649419758,19331.7294021468,19823.81782901,20297.6039854196,22072.6507506885,23872.2017757548,25221.5729985222,26095.7814080004,26208.8517700498,26943.0209173058,26932.4081275165,27125.1544347714,27929.9468077631,28759.9844575541,29214.3158603316
Puerto Rico,PRI,GDP per capita,16336.2069717835,16904.0615179182,17875.4822611783,18846.3302057031,19828.9849005118,20873.7612562898,21625.8419968961,22480.1706079951,24118.0093329653,24868.2537046155,25747.5094358107,28866.1689473036,29790.5969766743,30727.8627461713,32122.1903309682,33392.4209037209,34256.9103478725,34198.6884830399,34443.7803691978,34071.2448910761,33756.8068621299,34195.6036654497,34272.2044184399,35028.8667351339,,
Qatar,QAT,GDP per capita,,,,,,,,,,,86725.5420283473,89116.2895798618,93823.4051308804,94236.6038271065,105356.451053311,102253.049884138,112591.924093976,114340.468409489,116435.522630748,114656.779162422,125088.006002205,134117.430936185,135421.72398627,138067.097017003,141442.215519528,143788.242027242
Romania,ROU,GDP per capita,5504.3689855979,4996.0612287229,4704.2578828771,4896.4759864426,5204.8646415848,5704.233683607,6023.8657349728,5584.1556026112,5316.8103861326,5429.2261417082,5726.3078724034,6509.4100031229,7090.2453195088,7799.3146167006,8911.8078821362,9575.0068076343,11420.0244970084,13241.974898784,15989.6400548172,15815.2785501294,16579.8493567116,17624.5778950302,18910.2782731779,19572.6340640977,20372.0701831615,21403.0811486499
Russian Federation,RUS,GDP per capita,8012.8023168733,7844.086114426,6854.085483132,6416.1691931011,5736.1601380014,5611.6583779803,5515.9851647968,5697.3278217843,5460.3549781139,5914.3004108854,6825.411391168,7367.6090610973,8029.1226517695,9253.5774294053,10231.426449768,11822.3709000841,14916.185263567,16648.5934884501,20163.6116757122,19386.5936760476,20497.9523083327,24074.364580654,25316.6357856942,24165.3268347389,25094.7271005568,24451.3749516772
Rwanda,RWA,GDP per capita,549.619853685,568.3805979198,648.3438442662,649.8877051404,346.9750253477,485.7220914854,540.7160881727,586.8332599673,596.1714079797,605.000105919,633.7507517931,678.4020688098,762.6580986913,775.7606251415,838.7034648434,907.1073812002,996.6718639046,1072.0523470687,1181.544770134,1230.5242427585,1301.6969519229,1397.2246912143,1510.6781095014,1569.3958312613,1667.3326454199,1758.733213288
Samoa,WSM,GDP per capita,2358.5769604177,2363.4989231396,2390.7574591333,2523.0318629086,2487.7150225152,2687.2409663038,2913.5925217534,2966.6776447283,3050.7344491973,3150.9227558168,3428.6980188026,3729.8441944221,3928.6769837626,4162.3789325588,4446.6814423478,4750.4031522677,4961.2040690432,5380.6175206374,5505.2134095312,5244.2844228418,5295.6660992284,5674.4753413461,5757.1796404969,5693.0017607426,5811.3222489853,5922.8153586272
San Marino,SMR,GDP per capita,,,,,,,,,,,,,,,,,,,,,,,,,,
Sao Tome and Principe,STP,GDP per capita,,,,,,,,,,,,1704.7300298817,1733.8719907538,1842.5599258365,1921.4687064384,2076.6361506688,2284.2705565021,2368.7181940007,2556.4981548778,2621.6502330991,2712.7816937736,2839.895903144,2959.8896907868,3067.010902196,3187.8599422335,
Saudi Arabia,SAU,GDP per capita,22843.1003743233,24945.5453827372,25915.7393074036,25809.4171734453,25836.7298058858,25755.390329178,26443.081063506,26926.7155303131,27311.3786371877,26829.620285342,28013.2095901585,28002.6043264906,27639.689465158,29453.7814433596,32105.3733588896,34552.3444957037,36601.9039532782,38814.5144209256,41853.0996578605,41897.8915028842,43351.7676914543,47474.0433846687,49729.5174891185,50678.2395280104,52200.2267956267,53430.0453280574
Senegal,SEN,GDP per capita,1204.497230245,1237.6337354449,1242.8955947008,1250.9144198955,1240.9939578921,1298.7210554813,1314.5272367898,1345.127227225,1405.6100308508,1481.4704448319,1524.9455735041,1589.6341675799,1582.1701048917,1675.7819422903,1774.1293977662,1882.3458523975,1934.807350119,2028.5384739481,2086.1976584381,2092.7561286227,2142.9482913191,2159.0228879411,2225.2960279989,2267.8256811304,2330.4596407613,2430.7989287693
Serbia,SRB,GDP per capita,,,,,,4920.7212530386,5137.2105997441,5616.2496518877,5837.2788346934,5225.6086944891,5777.6423718867,6215.0213590405,6765.6979965932,7220.6450461598,8109.2700601852,8860.5215078424,9889.713911083,10452.5818820375,11892.7871172148,11802.3525338412,11813.4578043183,12571.8954976749,13000.0732946816,13668.117157173,13698.5664263163,13481.9365571951
Seychelles,SYC,GDP per capita,9123.8989118363,9584.455511209,10372.7382637175,11114.1110630498,11075.0650428774,11007.3754713448,11588.2180956453,13042.4570717843,14015.1158735661,14214.0199272779,14626.4603708639,14607.2386856143,14563.3495507736,14131.2404970201,14157.2240356566,15851.8842800581,17516.5484654906,19755.6671853348,19274.84812334,19131.3317358706,19953.1605009972,22556.5825709346,24251.5239686008,25673.6178918479,26518.4603833769,27273.4726663682
Sierra Leone,SLE,GDP per capita,887.2460013335,934.8468200844,777.658424957,814.4195045565,823.0218906283,777.1542118035,806.2189813417,769.7320658414,784.827048307,767.155577888,813.7488362588,743.6569782939,909.8781022955,965.8310145709,1007.7726708008,1042.2930202015,1096.5026384406,1183.026201526,1241.2655665482,1279.7896555064,1334.5061250028,1414.8600829493,1620.8989702886,1941.2239642183,2019.003748152,1590.6021186188
Singapore,SGP,GDP per capita,22167.9516919623,23751.9781186572,25245.2958813533,28107.7520720502,30858.918783873,32707.7038536393,34386.9123510789,36624.7700327911,34989.3295880693,37390.0874508974,40928.3370484149,40358.9745237567,42316.4580109231,45744.1353838301,50849.6752280947,55105.9658865491,59926.483444028,64387.8050819999,63361.3206902084,61572.022533163,70561.0834028427,74910.1825345204,77173.2382950922,80779.5513960605,83689.4243587932,85208.8107409708
Sint Maarten (Dutch part),SXM,GDP per capita,,,,,,,,,,,,,,,,,,,,,,36327.2318988918,,,,
Slovak Republic,SVK,GDP per capita,,,6988.6907815129,7276.5257127898,7861.5065638415,8469.6176097466,9204.4202325038,9955.3836982419,10507.4466307283,10568.6006978802,11158.4602723081,12236.650530567,13136.8079604086,13906.2214760745,14988.6133587895,16525.5004066215,18810.7203906269,21439.3067102395,23844.9744964744,23172.3465833393,24515.6923473186,25167.4538145724,26091.2798285454,27414.213031592,28326.5299307052,28877.3466252315
Slovenia,SVN,GDP per capita,,,,,,13227.1382239033,14033.2859154253,15063.4464599181,15948.8480937829,16997.601071329,17877.6079581218,18796.730344071,20127.9659631642,20945.641392761,22689.4380571678,23887.7792759682,25869.2115725132,27677.8021581132,29598.1392185234,27506.3314139505,27607.7230438068,28513.4748320932,28481.751314373,29097.5759486561,30402.6773017919,31122.4228905589
Solomon Islands,SLB,GDP per capita,1158.6019087317,1233.7754955405,1382.3079066952,1430.2689209184,1550.4284332326,1665.3098211259,1675.3515772873,1633.4178994872,1634.8491539602,1607.2800384002,1371.6625719804,1256.8524416329,1208.018932696,1278.5071236113,1343.4309565618,1426.119018261,1534.7311667469,1651.874965252,1763.1549332443,1655.210387799,1752.1198800358,1976.4069001028,2062.4542630982,2114.881684414,2138.2230188463,2186.2889324174
Somalia,SOM,GDP per capita,,,,,,,,,,,,,,,,,,,,,,,,,,
South Africa,ZAF,GDP per capita,6698.4797948343,6711.1846126265,6578.7693460589,6675.905218289,6887.3863668728,7093.9409761726,7368.2581190338,7515.2766349875,7457.41102671,7568.3213170564,7868.3066165563,8097.48079062,8425.0286039165,8733.8440328187,9260.601820026,9929.0906882227,10658.7883846537,11368.8627131662,11792.0573837167,11529.3694090741,11847.0803891303,12291.73384142,12598.94312372,12881.9428178722,13083.2204904225,13165.1480242918
South Sudan,SSD,GDP per capita,,,,,,,,,,,,,,,,,,,3591.9089197945,3637.8737685892,3717.2156383801,3461.7510389636,1819.4349594256,2005.453626641,2026.2523068066,1850.0318230778
Spain,ESP,GDP per capita,13691.8315783669,14474.7432308387,14893.0387241991,15043.2693949937,15687.3004901152,16417.6213118084,17195.0459670127,18166.3779333258,19381.0397620239,20316.2328865735,21869.5487440266,23218.8974026948,24659.0987041919,25337.110818516,26437.8540928976,27868.9519489624,30860.7158846764,32803.3751201269,33729.5167903525,32796.6654667603,32372.8543671681,32530.0931368398,32235.5959172997,32842.4245648716,33625.4281084708,34526.5018998563
Sri Lanka,LKA,GDP per capita,2369.1857079975,2526.9184440901,2664.6731971764,2882.7528463478,3077.0322508193,3284.2746865899,3445.3853335233,3705.8250017492,3900.3353453437,4106.4777656775,4422.5648554984,4419.8033924304,4630.59243042,4965.7275376994,5339.7989578723,5811.5058520439,6400.8167578622,6964.9863185029,7467.5918815553,7732.0559175952,8390.4074320412,9213.7754731064,10164.3563482885,10600.3758116382,11195.6942756295,11738.8763489969
St. Kitts and Nevis,KNA,GDP per capita,9268.968730273,9331.5076546187,9867.995865191,10687.5192941913,11351.895138554,12105.3141541235,12900.548518644,13868.3443494037,13766.5712727657,14274.9624073248,15128.5337589828,16007.3944538097,16298.3959357705,15946.2406395279,16876.2792015917,18755.1694831689,20190.0860743248,21041.222940713,22065.1520701252,20734.8268306064,20064.4258866151,20571.9701241134,20442.6292004251,21721.4690177214,23326.1433911132,24369.3801105601
St. Lucia,LCA,GDP per capita,5178.634515946,5416.7252275052,5855.0697239177,6077.6146263124,6222.7942513565,6482.1039070879,6868.2230263387,6919.5809284074,7338.3584679351,7527.6862832662,7943.2250821645,7777.6374666117,7823.2988312278,8280.9262348941,9112.1597470771,9221.6088378436,10148.4895920416,10329.899498083,10664.8310351875,10546.4473250877,10361.8105258508,10538.2252759214,10524.3510374579,10627.5968281974,10772.2598378526,10990.7206668878
St. Martin (French part),MAF,GDP per capita,,,,,,,,,,,,,,,,,,,,,,,,,,
St. Vincent and the Grenadines,VCT,GDP per capita,3604.5030286888,3756.2281947468,4079.6624879704,4350.4150153604,4386.2622318163,4825.8629130613,4979.2367453342,5245.744790299,5523.5157171976,5762.4220670508,5989.051030864,6224.9385804516,6710.1597970077,7356.37461291,7857.6572248812,8298.0605580534,9194.8526673591,9274.9102424932,10082.754601936,9937.882869078,9715.3290051384,9871.6485773363,10192.9298147081,10532.7560862324,10772.8170465276,11028.4654162085
Sudan,SDN,GDP per capita,1133.1903288392,1221.4531063684,1290.0043748443,1337.1538851144,1336.0778484746,1401.9005965375,1467.8774659874,1603.9878464017,1644.2417711924,1673.5931931909,1769.6528590103,1873.73555908,1968.0976773828,2101.9445620422,2180.5303883,2351.1194356134,2591.9375084465,2883.7140258342,3080.7647265696,3116.2031004713,3175.2739426738,3478.2522390176,3873.5973982321,3981.9019071451,4084.2136160984,4173.2158978098
Suriname,SUR,GDP per capita,6840.5436883377,7128.8235479066,7147.7289361532,6671.4784430448,6916.263091982,7017.0529224334,7111.4246748866,7516.8994408743,7593.3078510028,7537.4501233455,7621.7232365748,8092.1232548319,8533.3244081989,9200.6549703886,10293.4075128578,11049.5555118095,11732.3214041932,12533.8527584392,13159.3972362465,13502.6258889253,14216.5487909005,15119.7435489163,15718.1329921023,16276.3061814113,16698.3652067874,16969.5452910101
Swaziland,SWZ,GDP per capita,4082.0310683243,4173.5349478983,4305.9339969074,4455.6210430777,4570.8606558102,4793.8636189845,4960.3990962401,5086.8577427811,5163.4694563184,5296.9975356513,5432.2265919889,5562.5689543699,5708.8709324669,5921.6578954345,6222.3038890649,6521.9417904582,6860.0984175914,7182.4790012214,7374.398196216,7396.507957356,7487.5095028072,7620.1966042819,7870.6447416742,8110.087554025,8322.3851051942,8426.5296628849
Sweden,SWE,GDP per capita,20075.8339303047,20367.0341663979,20469.5498174611,20404.827200373,21537.274029496,22751.5840005565,23597.5967127028,24504.6116256745,25550.2569677744,27184.585412362,29376.6929122698,29818.5945883849,30790.5051760393,32064.7633094125,34259.8093341636,34332.3259363865,37571.1262973461,40560.8943011298,41880.8407716078,39657.2412932976,41755.9801731279,43709.2114536214,44433.7266901677,45067.4371901415,45297.7655208762,46420.4188888162
Switzerland,CHE,GDP per capita,26734.0125751395,27030.9270920898,27332.0017782308,27693.6952291652,28414.7600522116,28952.764943967,29674.7390146756,30919.8105594198,31984.6286027657,32558.013189599,34500.0786139217,35381.1937021125,36376.6924506913,36419.3783626995,37760.8921479159,39152.8734196707,43350.8389502036,47404.6676185633,50438.7629476633,49903.2731853737,51356.9639825486,54550.6893664757,57205.3721892359,59351.4230599344,59535.7997443952,60535.1587571323
Syrian Arab Republic,SYR,GDP per capita,,,,,,,,,,,,,,,,,,,,,,,,,,
Tajikistan,TJK,GDP per capita,2349.6395117927,2205.3996572978,1570.8922289783,1322.1089744195,1046.6521220232,922.7668023391,772.2970840991,788.8362799983,829.1112320126,861.2259541277,939.7408331932,1041.6388551709,1150.6158374949,1277.4566112851,1418.7314077814,1530.5756955071,1653.0753990578,1790.9256895423,1928.200964532,1972.9152294296,2080.0443884672,2229.4457417017,2386.3274737532,2546.5865866786,2700.5842408342,2779.8761426089
Tanzania,TZA,GDP per capita,951.8317126631,971.5474215799,966.6302504468,968.8990425029,973.677877596,999.4805015536,1035.2898668643,1062.5503977786,1086.7567478472,1128.5468666193,1180.7425372535,1246.8815064407,1320.6145895953,1400.3035598912,1507.7977307064,1634.8931313777,1711.38869981,1847.8645928451,1927.6889981728,1983.2228617864,2068.4884869222,2206.91077897,2289.2618761815,2417.7727301852,2547.1679574259,2667.2906614546
Thailand,THA,GDP per capita,4298.5626808215,4767.5774797182,5221.5528648204,5739.5623069846,6278.1685467652,6866.020782997,7310.9398207692,7151.7650689411,6600.5371120127,6926.206990458,7314.5421944694,7650.8136733547,8153.1631818003,8819.9947622617,9545.9978309276,10194.175685498,10977.6117421336,11850.2150887135,12272.7397981566,12257.1361772881,13309.4191973258,13654.2724604328,14853.3296826122,15437.3172287742,15755.0634649584,16305.4545639887
The Bahamas,BHS,GDP per capita,15693.3786243117,15253.2558345868,14721.3401292816,14837.4466755075,15361.9533826821,16120.8374068329,16888.9319783764,17338.2009669972,18157.7264972692,19515.9565797987,20486.8373590384,21131.6689024507,21606.4371551766,21304.6613470209,21619.3946485119,22602.8862149903,23417.2343600181,23928.0213178184,23397.8157719741,22196.8194943696,22431.1376351944,22665.1675571131,23234.7922247687,23277.8776695271,23576.960514993,23795.4382953871
The Gambia,GMB,GDP per capita,980.4609596311,1008.6215005817,1033.5819029306,1059.1333451516,1053.7348943982,1055.5480520964,1068.5446810373,1108.7753345147,1127.7928776655,1183.6934014178,1239.8559600801,1301.1713858182,1238.5519081416,1307.3733665581,1392.2668705479,1378.2584577172,1391.0049432307,1432.975326809,1495.8758662357,1553.3944388728,1621.4316004814,1532.4940035148,1599.1796159408,1648.4276873656,1636.4535709741,
Timor-Leste,TLS,GDP per capita,,,,,,,,,,,1119.794895852,1304.0391337048,1196.0168923525,1147.2393371021,1143.9138559015,1233.1685571004,1178.1484094728,1325.1586069659,1516.9043324221,1697.3422721327,1847.2262688383,1965.5220065477,2075.9847415049,2110.8440287781,2203.6928319807,2259.0619403307
Togo,TGO,GDP per capita,872.6352851244,872.3531210771,835.7574654739,709.2028609636,813.0333869666,873.4659212434,944.0592357546,1070.6039046186,1030.273088864,1044.2632364353,1032.0357263361,1011.109930143,990.2252184014,1031.7538869118,1053.6113183375,1070.8267423448,1117.6075040665,1142.1021503737,1158.4584700921,1175.8236794309,1204.6048935918,1255.0878250485,1304.1879722319,1341.614534205,1406.764973641,1459.7967273883
Tonga,TON,GDP per capita,2308.9779920484,2534.8330995949,2595.9619849103,2753.870307755,2947.2607197313,3113.5449905457,3161.3122910851,3199.4771177177,3308.0460745953,3472.5292785941,3652.4785481855,3849.1928073163,4018.483327399,4161.7389508365,4282.1986045054,4461.5630639919,4520.0671372413,4399.552522947,4567.116507614,4625.408633552,4852.0213615435,5030.6522125505,5132.8052329101,5059.03941648,5230.1512943838,
Trinidad and Tobago,TTO,GDP per capita,7838.6471483605,8262.6811300845,8260.9147386794,8288.1619413973,8724.9733915981,9224.7120194245,10027.6720023491,10963.2687492504,11963.9514041916,13098.5782349724,14373.0366834853,15260.3903489315,16653.0007994021,19343.9187031897,21348.086137331,23287.689468122,27044.0480820295,28947.7974448134,30374.5485471446,29123.0501164343,29307.8711600633,29765.0119348512,30571.9063533069,31454.6315830998,32083.799608369,32596.5148886991
Tunisia,TUN,GDP per capita,3681.5299091078,3874.7680684559,4186.0378087547,4337.4361099164,4459.4699855074,4570.1719702951,4913.8510812648,5198.0584637577,5435.9864563125,5777.4492007535,6124.6494154833,6435.9313654748,6554.3945288046,6934.792539752,7499.2367225612,7933.2547371174,8521.7659935445,9246.8099842935,9728.9788524478,9994.0975112171,10364.5717510735,10203.8012151866,10672.5676007406,10984.9132065336,11307.8001700856,11397.2351495653
Turkey,TUR,GDP per capita,4438.7926100865,4551.984029627,4855.1424115029,5285.6881197746,5023.5658369001,5411.4866648074,5824.3676161836,6283.8816119309,8718.8486349021,8311.0600058723,9320.9100516222,8749.1516349169,8784.4460321504,8915.6512539057,10278.9344079726,11512.4657890784,13026.3463146074,14034.7774203504,15181.6586369568,14651.1004086524,16165.8123678963,17796.4751875134,18449.250016041,19042.8804161762,19390.3811372673,19618.2247113953
Turkmenistan,TKM,GDP per capita,5398.792743118,5174.3832978081,4373.2021622711,4419.2502704784,3638.0907799633,3370.4401589794,3593.5412317425,3187.3585526005,3404.1504815323,3977.5365767621,4240.9740589401,4475.9827211517,4508.4334927237,4699.7458061647,5017.7196599918,5791.7121280206,6550.184922595,7381.1209362732,8528.1133197257,9004.5791888167,9828.6622043107,11360.502149269,12689.3438280564,14029.4947861747,15529.8644553626,16498.8929538904
Turks and Caicos Islands,TCA,GDP per capita,,,,,,,,,,,,,,,,,,,,,,,,,,
Tuvalu,TUV,GDP per capita,1531.3463726594,1630.0122193148,1704.8164195377,1808.1869385169,2027.7031636497,1958.091471827,1867.4890482669,2081.8170346581,2421.2447429302,2409.5291198612,2428.7799862344,2510.8609739259,2733.4283969341,2678.1363827517,2698.809177992,2667.0853241185,2796.8616927685,3043.6312502884,3342.8660723946,3212.379397456,3156.7480860863,3488.2483590584,3552.9265528435,3651.7922778734,3779.0597301547,
Uganda,UGA,GDP per capita,499.8427287746,527.2986539408,539.791957233,579.7280054151,610.4473032427,673.8229933045,726.0164085557,753.2620172941,775.2810790242,825.0714212019,843.5686037335,878.7751788677,938.7656153311,985.9484649881,1046.2263162815,1110.2887605566,1225.9175462224,1319.3325222824,1414.1534251698,1478.0445457835,1522.078550736,1648.5310660338,1696.4944243351,1723.4461789935,1777.3271904374,1825.3070707638
Ukraine,UKR,GDP per capita,6780.2738388334,6403.3252289228,5897.0889572324,5175.6371594529,4093.7930480622,3698.4322726531,3419.5660061024,3404.6289124525,3406.4975251977,3484.4110196696,3812.1381106033,4300.749281146,4639.7187715403,5219.247196285,6057.4356655933,6468.3817213069,7202.3367003256,8025.8986661285,8417.0041415797,7257.8975261001,7685.569632013,8281.8671261235,8472.2011292061,8629.9343869723,8666.9029132502,7915.8708737254
United Arab Emirates,ARE,GDP per capita,74017.3006503727,73036.9966064691,73154.2777414922,71959.8778674344,74683.8885943879,77467.2448447408,79480.4674789064,83165.2631465984,80040.2167031434,79262.3864517508,84974.8940914508,83533.5552161428,82369.6850171255,85563.6364172279,87843.7081074576,84338.3594071577,82754.2819759593,75426.793513296,69124.39621148,59100.3805379711,56245.4781588414,57594.1266833257,61172.9947875255,64229.4649857771,67921.3994644049,70237.9477494003
United Kingdom,GBR,GDP per capita,17446.3076798204,17745.4522749914,18181.7458351484,19059.0888847336,20196.4694229975,21081.7662421271,22421.5839203665,23829.2235036662,24573.70818233,25263.977650232,27440.9978549022,28821.5055492643,30085.6499151123,31181.3249199139,33082.4024076386,34623.2051373665,36885.9684344369,37503.2237543036,37775.8773905522,36361.8846856437,35879.7993942833,36590.1593671037,37569.3152811917,39111.2326381563,40217.1637487818,41324.5563251827
United States,USA,GDP per capita,23954.4793548671,24405.1648147489,25492.9516517617,26464.852511744,27776.635528226,28782.1750200918,30068.2309182833,31572.6902298492,32949.1977640346,34620.9288990826,36449.8551155349,37273.6181034176,38166.0378407812,39677.1983481058,41921.8097617892,44307.9205848603,46437.0671173065,48061.5376613353,48401.4273403899,47001.5553496818,48374.0867933094,49781.8006563523,51433.0470904727,52660.2951049798,54398.4600093994,55836.7926308733
Uruguay,URY,GDP per capita,6360.3866183952,6756.7371197639,7404.9764738183,7725.5689278669,8402.4833555091,8392.7361124139,8958.1039322448,9820.7705073739,10309.3923164301,10210.8808974313,10204.914457104,10018.5584682373,9383.9529340764,9654.3366948804,10421.0357295137,11553.5294099441,12376.3440307652,13501.5664231257,14705.5166360339,15391.169531715,16736.8559953545,17904.8198639195,18817.8749217256,19945.6756377397,20859.2491387487,21200.5878108841
Uzbekistan,UZB,GDP per capita,1959.3601757161,1972.1167827586,1749.6566913459,1710.7645274692,1624.1207499173,1613.6509950096,1639.3838502594,1721.3888235879,1785.9166078377,1870.9403909721,1958.9324648046,2061.461382738,2150.3532824176,2258.9084064089,2471.06529255,2697.5502927983,2947.2146451004,3278.8223410389,3585.9912869738,3840.5428745052,4100.4828348587,4412.4741929082,4791.1892889055,5177.333577607,5593.4754862896,5995.8730114357
Vanuatu,VUT,GDP per capita,1647.7002726288,1707.7076545633,1740.3938176798,1743.8220986311,1890.2382228683,1902.5291269094,1941.2221135616,2033.554627479,2107.0824671157,2107.7610183151,2237.5849646871,2159.3816170212,2030.3840813239,2105.4413921299,2192.4473933971,2323.4590884472,2533.859120128,2669.742794836,2828.4786874732,2874.8788802839,2888.3493792424,2915.2396210321,2952.4134306337,2991.1370439653,3041.6311265218,
Venezuela  RB,VEN,GDP per capita,9339.9530236841,10344.9051133595,10969.8823716289,11015.7929140418,10751.8824094745,11172.3721600258,11122.9585596438,11795.1654752663,11725.9621915302,10981.3538224598,11427.4070846926,11862.2579443133,10779.4028665664,9961.910359903,11897.382830723,13317.1785594534,14830.9157971613,16289.4586198531,17208.1933726146,16523.939668773,16228.3408063552,17001.9132403648,18027.8901206199,18309.1523170814,,
Vietnam,VNM,GDP per capita,970.2356524404,1042.9258288082,1138.4796822374,1238.0570679647,1353.2368963692,1488.6460436181,1631.0925764977,1766.4792574956,1859.8149469638,1948.9592340522,2100.2430760729,2252.4226573281,2403.5174969339,2590.2943108919,2828.0475162509,3102.9366931111,3383.6950398444,3681.3161176213,3924.101328869,4123.4258041987,4395.51016268,4715.8863493231,5000.7648543821,5301.1130172638,5649.5875918442,6022.6225535653
Virgin Islands (U.S.),VIR,GDP per capita,,,,,,,,,,,,,,,,,,,,,,,,,,
West Bank and Gaza,PSE,GDP per capita,,,,,1945.0479032698,2033.9549766139,2124.5380145139,2560.8609604224,3178.090712082,3710.1244345673,3331.3561471382,3106.9316237412,3031.4518160351,3300.1083696037,3592.666868183,4010.1477605424,3844.3897469854,3780.6911750607,3423.5963390338,4053.0489334773,4078.495890627,4356.3418249265,4931.0021836049,4655.8405158067,4544.2456590615,5009.9190405748
Yemen Rep.,YEM,GDP per capita,2192.4368383521,2291.1151676213,2406.686630201,2433.3777712263,2528.0648862224,2614.0192722735,2685.1015706813,2783.3857433699,2897.5087249721,2969.2093438891,3135.5723827792,3236.0748685187,3319.7030603302,3414.5260857166,3545.7443939969,3756.5321300449,3883.0452375015,4004.2183495585,4128.411820616,4212.5864934446,4286.4040378032,3616.2439087449,3675.5633730498,3791.6031948866,,
Zambia,ZMB,GDP per capita,1491.3699605596,1500.246465336,1469.9804736309,1567.5774358711,1426.4872695422,1460.3340444146,1538.1043483813,1580.6160087831,1548.6741334983,1601.6151108662,1657.539629476,1740.0770044747,1800.2012388707,1914.4595035809,2051.6352713276,2210.9220402328,2391.8502804164,2586.0020871341,2760.2542414062,2949.2156008463,3195.7585820349,3342.5708543793,3552.2002476025,3680.9790713965,3810.6610364781,3852.658973708
Zimbabwe,ZWE,GDP per capita,1632.6839300491,1734.3219730771,1576.3402629816,1596.5081866641,1746.8753052733,1754.5838143564,1939.4282986908,1994.8994816386,2046.4127648833,2036.2102279439,1998.4918501809,2056.3517179903,1889.1131025168,1588.9669403536,1526.6477183775,1472.4350721393,1449.1201238432,1415.0276979517,1170.4619028336,1229.3824241862,1360.8760263856,1523.6217840105,1679.1255940664,1743.2107831941,1798.0598116161,1793.5860922636
